Team_ID,Game_ID,GAME_DATE,MATCHUP,WL,W,L,W_PCT,MIN,FGM,FGA,FG_PCT,FG3M,FG3A,FG3_PCT,FTM,FTA,FT_PCT,OREB,DREB,REB,AST,STL,BLK,TOV,PF,PTS
FFS,21901314,"AUG 13, 2020",Foufous de Sochaux @ Jazz de Clermont-Ferrand,L,32,39,0.451,240,39,79,0.494,10,20,0.5,24,36,0.667,9,35,44,24,4,8,15,20,112
FFS,21901298,"AUG 11, 2020",Foufous de Sochaux vs. Fusées de Rennes,W,32,38,0.457,240,46,93,0.495,13,32,0.406,18,20,0.9,9,50,59,28,10,5,22,20,123
FFS,21901287,"AUG 09, 2020",Foufous de Sochaux @ Pélicans de Orléans,W,31,38,0.449,240,40,89,0.449,11,28,0.393,31,32,0.969,15,36,51,22,12,6,17,27,122
FFS,21901274,"AUG 07, 2020",Foufous de Sochaux vs. Jazz de Clermont-Ferrand,W,30,38,0.441,240,45,89,0.506,9,22,0.409,20,26,0.769,8,39,47,27,10,5,13,18,119
FFS,21901264,"AUG 05, 2020",Foufous de Sochaux vs. Pépites de Montpellier,L,29,38,0.433,240,46,93,0.495,11,30,0.367,23,27,0.852,10,25,35,29,10,5,7,20,126
FFS,21901254,"AUG 03, 2020",Foufous de Sochaux @ Sixers de Brest,L,29,37,0.439,240,46,93,0.495,12,26,0.462,26,29,0.897,13,31,44,21,7,6,14,23,130
FFS,21901246,"AUG 02, 2020",Foufous de Sochaux @ Grizzlys de Metz,W,29,36,0.446,240,36,86,0.419,12,29,0.414,24,33,0.727,12,37,49,22,5,6,16,20,108
FFS,21901237,"JUL 31, 2020",Foufous de Sochaux vs. Rois de Saint-Étienne,W,28,36,0.438,240,48,90,0.533,11,25,0.44,22,27,0.815,9,33,42,32,6,4,15,17,129
FFS,21900965,"MAR 10, 2020",Foufous de Sochaux vs. Étoiles de Marseille,W,27,36,0.429,240,46,89,0.517,15,32,0.469,12,15,0.8,6,34,40,32,11,10,11,15,119
FFS,21900954,"MAR 08, 2020",Foufous de Sochaux @ Cavaliers de Lille,L,26,36,0.419,265,43,98,0.439,10,26,0.385,33,36,0.917,6,38,44,20,15,6,9,34,129
FFS,21900931,"MAR 06, 2020",Foufous de Sochaux @ Lions de Lyon,L,26,35,0.426,240,43,92,0.467,10,34,0.294,24,27,0.889,2,36,38,25,3,5,6,20,120
FFS,21900909,"MAR 03, 2020",Foufous de Sochaux @ Frelons de Nice,W,26,34,0.433,240,38,80,0.475,11,32,0.344,17,20,0.85,6,27,33,25,12,5,10,16,104
FFS,21900908,"MAR 02, 2020",Foufous de Sochaux vs. Pacers de Dijon,L,25,34,0.424,240,40,77,0.519,16,32,0.5,15,19,0.789,3,30,33,21,6,5,14,19,111
FFS,21900893,"FEB 29, 2020",Foufous de Sochaux vs. Magic d'Angers,W,25,33,0.431,240,44,84,0.524,14,31,0.452,12,16,0.75,4,27,31,28,11,5,17,20,114
FFS,21900869,"FEB 26, 2020",Foufous de Sochaux vs. Étoiles de Marseille,L,24,33,0.421,240,39,92,0.424,11,33,0.333,14,19,0.737,13,42,55,22,8,7,15,21,103
FFS,21900846,"FEB 23, 2020",Foufous de Sochaux @ Thunder de Tours,L,24,32,0.429,240,38,103,0.369,11,38,0.289,16,19,0.842,14,29,43,27,5,1,9,23,103
FFS,21900832,"FEB 21, 2020",Foufous de Sochaux @ Jazz de Clermont-Ferrand,W,24,31,0.436,240,40,91,0.44,10,20,0.5,23,26,0.885,7,41,48,22,12,7,6,20,113
FFS,21900805,"FEB 11, 2020",Foufous de Sochaux @ Thunder de Tours,W,23,31,0.426,240,41,84,0.488,7,25,0.28,25,27,0.926,7,39,46,20,9,7,11,19,114
FFS,21900799,"FEB 10, 2020",Foufous de Sochaux @ Pépites de Montpellier,L,22,31,0.415,240,41,85,0.482,16,32,0.5,22,25,0.88,9,27,36,33,7,1,10,17,120
FFS,21900785,"FEB 08, 2020",Foufous de Sochaux @ Rois de Saint-Étienne,L,22,30,0.423,240,41,81,0.506,7,24,0.292,13,18,0.722,8,33,41,23,7,4,14,22,102
FFS,21900767,"FEB 06, 2020",Foufous de Sochaux @ Blazers du Havre,L,22,29,0.431,240,41,92,0.446,10,28,0.357,25,28,0.893,8,31,39,25,9,3,4,10,117
FFS,21900754,"FEB 04, 2020",Foufous de Sochaux @ Lakers de Grenoble,L,22,28,0.44,240,40,91,0.44,13,27,0.481,9,15,0.6,7,21,28,21,6,2,6,16,102
FFS,21900750,"FEB 03, 2020",Foufous de Sochaux @ Clipper de Cannes,L,22,27,0.449,240,40,95,0.421,12,37,0.324,13,16,0.813,6,40,46,21,5,9,6,20,105
FFS,21900734,"FEB 01, 2020",Foufous de Sochaux vs. Frelons de Nice,W,22,26,0.458,240,45,87,0.517,10,28,0.357,14,21,0.667,7,37,44,27,13,2,10,14,114
FFS,21900711,"JAN 29, 2020",Foufous de Sochaux vs. Jazz de Clermont-Ferrand,W,21,26,0.447,240,46,82,0.561,8,31,0.258,27,30,0.9,4,31,35,23,5,2,9,27,127
FFS,21900695,"JAN 27, 2020",Foufous de Sochaux @ Taureaux de Toulouse,L,20,26,0.435,240,38,82,0.463,10,25,0.4,23,34,0.676,12,35,47,21,2,6,11,12,109
FFS,21900686,"JAN 26, 2020",Foufous de Sochaux vs. Raptors de Rouen,L,20,25,0.444,240,34,82,0.415,16,37,0.432,22,24,0.917,7,41,48,27,5,8,16,15,106
FFS,21900678,"JAN 24, 2020",Foufous de Sochaux vs. Soleils d'Avignon,L,20,24,0.455,240,33,78,0.423,5,25,0.2,28,33,0.848,10,33,43,19,9,8,14,22,99
FFS,21900663,"JAN 22, 2020",Foufous de Sochaux @ Pélicans de Orléans,W,20,23,0.465,240,45,89,0.506,11,27,0.407,20,25,0.8,9,35,44,17,7,4,11,23,121
FFS,21900650,"JAN 20, 2020",Foufous de Sochaux @ Soleils d'Avignon,W,19,23,0.452,240,43,87,0.494,17,31,0.548,17,22,0.773,6,25,31,30,12,7,8,23,120
FFS,21900637,"JAN 19, 2020",Foufous de Sochaux vs. Chaleur de Monaco,W,18,23,0.439,240,36,85,0.424,12,33,0.364,23,24,0.958,9,34,43,27,5,4,11,18,107
FFS,21900624,"JAN 17, 2020",Foufous de Sochaux vs. Aigles de Strasbourg,L,17,23,0.425,240,45,98,0.459,8,29,0.276,22,23,0.957,14,34,48,28,12,6,15,27,120
FFS,21900606,"JAN 15, 2020",Foufous de Sochaux @ Chaleur de Monaco,L,17,22,0.436,240,39,89,0.438,10,33,0.303,12,15,0.8,6,35,41,22,8,4,8,17,100
FFS,21900587,"JAN 12, 2020",Foufous de Sochaux @ Raptors de Rouen,W,17,21,0.447,240,38,87,0.437,7,32,0.219,22,30,0.733,9,42,51,24,6,5,11,11,105
FFS,21900571,"JAN 10, 2020",Foufous de Sochaux @ Grizzlys de Metz,L,16,21,0.432,240,42,87,0.483,17,40,0.425,20,23,0.87,5,32,37,29,3,6,11,17,121
FFS,21900554,"JAN 08, 2020",Foufous de Sochaux @ Panthères de Bordeaux,W,16,20,0.444,240,48,87,0.552,9,29,0.31,24,26,0.923,8,41,49,28,9,6,14,25,129
FFS,21900546,"JAN 06, 2020",Foufous de Sochaux vs. Bucks de Reims,W,15,20,0.429,240,45,88,0.511,19,35,0.543,17,19,0.895,10,44,54,23,4,2,11,16,126
FFS,21900531,"JAN 04, 2020",Foufous de Sochaux @ Bucks de Reims,L,14,20,0.412,240,38,92,0.413,11,32,0.344,31,34,0.912,11,39,50,20,7,0,8,20,118
FFS,21900514,"JAN 02, 2020",Foufous de Sochaux vs. Thunder de Tours,L,14,19,0.424,240,40,92,0.435,13,31,0.419,10,12,0.833,14,31,45,22,1,8,8,22,103
FFS,21900502,"DEC 31, 2019",Foufous de Sochaux vs. Guerriers de Paris,W,14,18,0.438,265,45,96,0.469,14,31,0.452,13,17,0.765,10,43,53,30,6,6,10,18,117
FFS,21900481,"DEC 28, 2019",Foufous de Sochaux vs. Pistons de Nantes,W,13,18,0.419,240,53,93,0.57,18,35,0.514,12,15,0.8,7,44,51,30,8,7,11,20,136
FFS,21900463,"DEC 26, 2019",Foufous de Sochaux @ Étoiles de Marseille,L,12,18,0.4,240,40,83,0.482,8,29,0.276,10,15,0.667,5,40,45,18,9,7,13,16,98
FFS,21900450,"DEC 23, 2019",Foufous de Sochaux @ Grizzlys de Metz,W,12,17,0.414,240,60,89,0.674,15,24,0.625,10,14,0.714,4,42,46,36,9,4,12,14,145
FFS,21900436,"DEC 21, 2019",Foufous de Sochaux vs. Clipper de Cannes,L,11,17,0.393,240,42,82,0.512,10,28,0.357,15,19,0.789,4,32,36,24,5,8,18,20,109
FFS,21900418,"DEC 19, 2019",Foufous de Sochaux vs. Lions de Lyon,W,11,16,0.407,240,43,96,0.448,13,33,0.394,19,23,0.826,13,34,47,26,10,8,11,19,118
FFS,21900396,"DEC 16, 2019",Foufous de Sochaux @ Fusées de Rennes,L,10,16,0.385,240,39,91,0.429,12,33,0.364,17,20,0.85,8,45,53,23,5,4,18,22,107
FFS,21900380,"DEC 14, 2019",Foufous de Sochaux @ Soleils d'Avignon,W,10,15,0.4,265,44,106,0.415,8,30,0.267,25,34,0.735,10,52,62,23,6,9,11,22,121
FFS,21900368,"DEC 12, 2019",Foufous de Sochaux vs. Cavaliers de Lille,L,9,15,0.375,265,42,86,0.488,5,16,0.313,20,25,0.8,2,34,36,19,11,7,12,21,109
FFS,21900328,"DEC 06, 2019",Foufous de Sochaux vs. Rois de Saint-Étienne,W,9,14,0.391,265,41,96,0.427,11,32,0.344,12,17,0.706,13,39,52,25,10,5,16,16,105
FFS,21900303,"DEC 03, 2019",Foufous de Sochaux vs. Fusées de Rennes,W,8,14,0.364,290,50,106,0.472,13,30,0.433,22,32,0.688,12,44,56,35,10,8,20,27,135
FFS,21900288,"DEC 01, 2019",Foufous de Sochaux @ Pistons de Nantes,L,7,14,0.333,240,36,88,0.409,7,26,0.269,19,22,0.864,7,24,31,20,11,6,8,15,98
FFS,21900276,"nov. 29, 2019",Foufous de Sochaux vs. Clipper de Cannes,W,7,13,0.35,240,40,93,0.43,14,36,0.389,13,14,0.929,8,40,48,28,8,8,9,15,107
FFS,21900262,"nov. 27, 2019",Foufous de Sochaux vs. Loups de Limoges,L,6,13,0.316,240,41,97,0.423,5,29,0.172,14,17,0.824,8,38,46,25,4,8,6,18,101
FFS,21900249,"nov. 25, 2019",Foufous de Sochaux vs. Lakers de Grenoble,L,6,12,0.333,240,41,88,0.466,10,25,0.4,12,15,0.8,9,32,41,23,4,5,13,22,104
FFS,21900229,"nov. 23, 2019",Foufous de Sochaux @ Knicks de Nancy,W,6,11,0.353,240,40,75,0.533,12,23,0.522,19,28,0.679,9,38,47,26,7,3,22,17,111
FFS,21900218,"nov. 22, 2019",Foufous de Sochaux @ Sixers de Brest,L,5,11,0.313,240,43,85,0.506,6,18,0.333,12,16,0.75,3,29,32,21,6,3,11,15,104
FFS,21900203,"nov. 20, 2019",Foufous de Sochaux @ Wizards d'Amiens,L,5,10,0.333,240,49,93,0.527,12,32,0.375,22,29,0.759,12,29,41,32,8,8,12,13,132
FFS,21900194,"nov. 18, 2019",Foufous de Sochaux @ Étoiles de Marseille,L,5,9,0.357,240,44,96,0.458,8,24,0.333,14,16,0.875,17,31,48,18,6,2,9,18,110
FFS,21900181,"nov. 16, 2019",Foufous de Sochaux vs. Blazers du Havre,L,5,8,0.385,240,41,88,0.466,5,18,0.278,29,34,0.853,7,36,43,25,8,7,10,17,116
FFS,21900168,"nov. 15, 2019",Foufous de Sochaux @ Magic d'Angers,L,5,7,0.417,240,45,89,0.506,13,26,0.5,6,10,0.6,8,33,41,23,8,8,11,25,109
FFS,21900158,"nov. 13, 2019",Foufous de Sochaux @ Loups de Limoges,L,5,6,0.455,240,44,90,0.489,3,17,0.176,23,29,0.793,10,34,44,24,4,4,11,23,114
FFS,21900143,"nov. 11, 2019",Foufous de Sochaux vs. Grizzlys de Metz,L,5,5,0.5,240,42,90,0.467,12,30,0.4,13,17,0.765,7,35,42,29,4,4,13,17,109
FFS,21900127,"nov. 09, 2019",Foufous de Sochaux vs. Panthères de Bordeaux,L,5,4,0.556,240,39,99,0.394,14,30,0.467,23,30,0.767,21,36,57,24,1,8,15,22,115
FFS,21900113,"nov. 07, 2019",Foufous de Sochaux vs. Thunder de Tours,W,5,3,0.625,240,51,94,0.543,9,20,0.45,10,11,0.909,12,35,47,32,5,3,13,21,121
FFS,21900099,"nov. 05, 2019",Foufous de Sochaux @ Aigles de Strasbourg,L,4,3,0.571,240,38,91,0.418,8,33,0.242,16,23,0.696,11,30,41,18,9,8,15,17,100
FFS,21900088,"nov. 03, 2019",Foufous de Sochaux vs. Lakers de Grenoble,L,4,2,0.667,240,33,83,0.398,6,25,0.24,24,29,0.828,8,39,47,23,11,4,17,18,96
FFS,21900076,"nov. 01, 2019",Foufous de Sochaux @ Guerriers de Paris,W,4,1,0.8,240,44,93,0.473,13,35,0.371,26,30,0.867,16,36,52,23,4,2,11,19,127
FFS,21900068,"oct. 31, 2019",Foufous de Sochaux @ Clipper de Cannes,L,3,1,0.75,240,36,80,0.45,7,21,0.333,18,27,0.667,9,40,49,15,6,5,19,28,97
FFS,21900048,"oct. 28, 2019",Foufous de Sochaux vs. Blazers du Havre,W,3,0,1.0,240,41,85,0.482,7,22,0.318,24,32,0.75,7,43,50,25,5,9,18,19,113
FFS,21900033,"oct. 26, 2019",Foufous de Sochaux vs. Wizards d'Amiens,W,2,0,1.0,240,50,108,0.463,10,28,0.357,14,17,0.824,21,32,53,29,6,7,9,19,124
FFS,21900010,"oct. 23, 2019",Foufous de Sochaux vs. Knicks de Nancy,W,1,0,1.0,240,42,83,0.506,7,21,0.333,29,36,0.806,10,41,51,22,6,5,21,18,120
FFS,22001078,"MAY 16, 2021",Foufous de Sochaux vs. Soleils d'Avignon,L,33,39,0.458,240,50,98,0.51,7,24,0.292,14,19,0.737,11,35,46,30,5,5,10,8,121
FFS,22001065,"MAY 15, 2021",Foufous de Sochaux vs. Soleils d'Avignon,L,33,38,0.465,240,39,88,0.443,4,26,0.154,21,24,0.875,7,34,41,23,5,2,16,17,103
FFS,22000458,"MAY 13, 2021",Foufous de Sochaux @ Knicks de Nancy,L,33,37,0.471,240,38,91,0.418,6,21,0.286,16,19,0.842,9,38,47,22,4,6,9,16,98
FFS,22001043,"MAY 12, 2021",Foufous de Sochaux @ Lions de Lyon,L,33,36,0.478,240,43,101,0.426,8,31,0.258,22,27,0.815,16,30,46,21,7,2,8,19,116
FFS,22001029,"MAY 10, 2021",Foufous de Sochaux vs. Bucks de Reims,W,33,35,0.485,240,56,94,0.596,17,29,0.586,17,21,0.81,9,37,46,27,6,5,12,16,146
FFS,22001018,"MAY 08, 2021",Foufous de Sochaux @ Blazers du Havre,L,32,35,0.478,240,37,93,0.398,8,30,0.267,20,23,0.87,7,33,40,17,6,5,7,24,102
FFS,22001011,"MAY 07, 2021",Foufous de Sochaux @ Rois de Saint-Étienne,W,32,34,0.485,240,46,89,0.517,4,22,0.182,17,19,0.895,7,37,44,20,8,7,13,12,113
FFS,22000996,"MAY 05, 2021",Foufous de Sochaux @ Jazz de Clermont-Ferrand,L,31,34,0.477,240,37,92,0.402,7,23,0.304,13,20,0.65,9,26,35,22,7,5,7,13,94
FFS,22000981,"MAY 03, 2021",Foufous de Sochaux @ Jazz de Clermont-Ferrand,L,31,33,0.484,240,42,90,0.467,5,18,0.278,10,10,1.0,8,29,37,25,10,4,13,13,99
FFS,22000973,"MAY 02, 2021",Foufous de Sochaux vs. Sixers de Brest,L,31,32,0.492,265,43,96,0.448,12,31,0.387,13,17,0.765,10,38,48,20,9,5,13,25,111
FFS,22000950,"APR 30, 2021",Foufous de Sochaux @ Panthères de Bordeaux,L,31,31,0.5,265,49,92,0.533,11,24,0.458,31,38,0.816,8,35,43,29,6,1,11,27,140
FFS,22000938,"APR 28, 2021",Foufous de Sochaux @ Chaleur de Monaco,L,31,30,0.508,240,41,88,0.466,10,32,0.313,19,24,0.792,7,33,40,26,6,3,9,20,111
FFS,22000919,"APR 26, 2021",Foufous de Sochaux @ Wizards d'Amiens,W,31,29,0.517,265,55,103,0.534,6,17,0.353,30,35,0.857,13,31,44,27,6,1,6,21,146
FFS,22000264,"APR 24, 2021",Foufous de Sochaux @ Pélicans de Orléans,W,30,29,0.508,240,37,85,0.435,9,31,0.29,27,32,0.844,9,37,46,22,9,8,17,23,110
FFS,22000895,"APR 22, 2021",Foufous de Sochaux vs. Pistons de Nantes,W,29,29,0.5,240,37,80,0.463,11,24,0.458,21,27,0.778,11,32,43,28,12,7,10,19,106
FFS,22000888,"APR 21, 2021",Foufous de Sochaux vs. Chaleur de Monaco,L,28,29,0.491,240,31,77,0.403,10,35,0.286,15,20,0.75,7,31,38,21,1,7,10,15,87
FFS,22000473,"APR 19, 2021",Foufous de Sochaux @ Pacers de Dijon,W,28,28,0.5,240,36,84,0.429,8,28,0.286,29,35,0.829,9,48,57,27,4,4,12,23,109
FFS,22000860,"APR 17, 2021",Foufous de Sochaux @ Soleils d'Avignon,W,27,28,0.491,240,45,89,0.506,12,29,0.414,9,12,0.75,5,41,46,23,10,9,12,17,111
FFS,22000853,"APR 16, 2021",Foufous de Sochaux vs. Blazers du Havre,L,26,28,0.481,240,45,95,0.474,7,23,0.304,9,10,0.9,14,35,49,30,7,9,14,14,106
FFS,22000831,"APR 14, 2021",Foufous de Sochaux @ Raptors de Rouen,L,26,27,0.491,240,38,89,0.427,17,39,0.436,19,27,0.704,12,29,41,26,6,7,13,19,112
FFS,22000816,"APR 12, 2021",Foufous de Sochaux @ Magic d'Angers,W,26,26,0.5,240,48,93,0.516,10,25,0.4,14,18,0.778,12,35,47,30,6,5,9,26,120
FFS,22000810,"APR 11, 2021",Foufous de Sochaux @ Étoiles de Marseille,W,25,26,0.49,240,45,83,0.542,8,21,0.381,21,27,0.778,10,31,41,20,10,7,14,20,119
FFS,22000797,"APR 09, 2021",Foufous de Sochaux @ Pépites de Montpellier,L,24,26,0.48,240,43,93,0.462,9,27,0.333,24,28,0.857,11,27,38,33,10,2,9,21,119
FFS,22000782,"APR 07, 2021",Foufous de Sochaux @ Pépites de Montpellier,L,24,25,0.49,240,38,91,0.418,6,24,0.25,14,21,0.667,11,31,42,23,11,4,14,19,96
FFS,22000767,"APR 05, 2021",Foufous de Sochaux vs. Cavaliers de Lille,L,24,24,0.5,240,35,83,0.422,5,26,0.192,26,32,0.813,8,30,38,22,4,3,10,22,101
FFS,22000751,"APR 03, 2021",Foufous de Sochaux vs. Pacers de Dijon,L,24,23,0.511,265,48,99,0.485,10,29,0.345,27,32,0.844,18,28,46,22,6,6,17,21,133
FFS,22000735,"APR 01, 2021",Foufous de Sochaux vs. Aigles de Strasbourg,L,24,22,0.522,290,49,110,0.445,13,40,0.325,18,24,0.75,11,35,46,25,8,6,6,22,129
FFS,22000728,"MAR 31, 2021",Foufous de Sochaux vs. Rois de Saint-Étienne,W,24,21,0.533,240,43,92,0.467,10,26,0.385,24,34,0.706,14,40,54,24,9,2,10,17,120
FFS,22000714,"MAR 29, 2021",Foufous de Sochaux vs. Rois de Saint-Étienne,L,23,21,0.523,240,47,93,0.505,10,27,0.37,11,14,0.786,12,29,41,24,5,4,11,18,115
FFS,22000697,"MAR 27, 2021",Foufous de Sochaux vs. Taureaux de Toulouse,W,23,20,0.535,240,46,85,0.541,10,25,0.4,18,28,0.643,4,37,41,29,9,7,10,15,120
FFS,22000680,"MAR 25, 2021",Foufous de Sochaux vs. Clipper de Cannes,L,22,20,0.524,240,33,82,0.402,8,23,0.348,11,13,0.846,2,37,39,16,4,6,7,14,85
FFS,22000675,"MAR 24, 2021",Foufous de Sochaux vs. Clipper de Cannes,L,22,19,0.537,240,39,85,0.459,7,22,0.318,16,19,0.842,6,34,40,22,6,6,16,24,101
FFS,22000655,"MAR 22, 2021",Foufous de Sochaux vs. Frelons de Nice,L,22,18,0.55,240,36,78,0.462,11,32,0.344,14,17,0.824,5,33,38,17,5,9,14,22,97
FFS,22000643,"MAR 20, 2021",Foufous de Sochaux @ Bucks de Reims,L,22,17,0.564,240,46,96,0.479,12,33,0.364,9,10,0.9,5,36,41,29,6,4,9,11,113
FFS,22000435,"MAR 19, 2021",Foufous de Sochaux @ Cavaliers de Lille,W,22,16,0.579,240,41,88,0.466,7,18,0.389,27,33,0.818,17,34,51,19,5,4,13,25,116
FFS,22000621,"MAR 17, 2021",Foufous de Sochaux @ Taureaux de Toulouse,W,21,16,0.568,240,38,89,0.427,8,31,0.258,22,30,0.733,13,33,46,19,5,6,9,8,106
FFS,22000428,"MAR 15, 2021",Foufous de Sochaux @ Pistons de Nantes,W,20,16,0.556,240,47,83,0.566,12,25,0.48,3,5,0.6,10,35,45,29,3,9,21,23,109
FFS,22000595,"MAR 14, 2021",Foufous de Sochaux @ Sixers de Brest,L,19,16,0.543,240,36,85,0.424,4,21,0.19,23,31,0.742,10,22,32,20,8,10,9,13,99
FFS,22000583,"MAR 12, 2021",Foufous de Sochaux vs. Magic d'Angers,W,19,15,0.559,240,40,89,0.449,10,29,0.345,14,18,0.778,7,38,45,24,8,5,9,15,104
FFS,22000567,"MAR 10, 2021",Foufous de Sochaux @ Étoiles de Marseille,L,18,15,0.545,240,38,83,0.458,12,28,0.429,16,20,0.8,6,24,30,18,10,2,9,19,104
FFS,22000556,"MAR 04, 2021",Foufous de Sochaux vs. Thunder de Tours,L,18,14,0.563,240,40,85,0.471,10,31,0.323,12,12,1.0,6,40,46,23,9,5,19,24,102
FFS,22000541,"MAR 02, 2021",Foufous de Sochaux vs. Knicks de Nancy,W,18,13,0.581,240,43,89,0.483,18,42,0.429,15,21,0.714,9,36,45,31,12,4,8,14,119
FFS,22000534,"MAR 01, 2021",Foufous de Sochaux vs. Lions de Lyon,L,17,13,0.567,265,44,97,0.454,15,35,0.429,10,15,0.667,9,39,48,30,2,3,9,16,113
FFS,22000514,"FEB 27, 2021",Foufous de Sochaux vs. Pélicans de Orléans,W,17,12,0.586,240,41,86,0.477,12,32,0.375,23,28,0.821,8,30,38,24,7,5,8,26,117
FFS,22000495,"FEB 24, 2021",Foufous de Sochaux @ Thunder de Tours,L,16,12,0.571,240,40,86,0.465,9,25,0.36,10,15,0.667,6,38,44,20,10,4,12,13,99
FFS,22000414,"FEB 14, 2021",Foufous de Sochaux @ Frelons de Nice,W,16,11,0.593,240,48,96,0.5,10,34,0.294,16,19,0.842,10,33,43,31,13,4,9,13,122
FFS,22000397,"FEB 12, 2021",Foufous de Sochaux @ Aigles de Strasbourg,W,15,11,0.577,240,45,85,0.529,12,31,0.387,23,28,0.821,8,38,46,27,6,6,13,25,125
FFS,22000378,"FEB 09, 2021",Foufous de Sochaux vs. Guerriers de Paris,L,14,11,0.56,240,32,86,0.372,8,24,0.333,19,21,0.905,8,37,45,20,2,5,14,16,91
FFS,22000371,"FEB 08, 2021",Foufous de Sochaux vs. Guerriers de Paris,W,14,10,0.583,240,39,96,0.406,11,31,0.355,16,19,0.842,10,36,46,24,12,6,10,16,105
FFS,22000358,"FEB 06, 2021",Foufous de Sochaux @ Fusées de Rennes,W,13,10,0.565,240,37,87,0.425,8,25,0.32,29,36,0.806,7,37,44,22,6,7,10,18,111
FFS,22000334,"FEB 03, 2021",Foufous de Sochaux vs. Loups de Limoges,W,12,10,0.545,240,43,96,0.448,7,26,0.269,18,24,0.75,7,38,45,28,5,6,7,13,111
FFS,22000320,"FEB 01, 2021",Foufous de Sochaux vs. Grizzlys de Metz,L,11,10,0.524,240,37,89,0.416,13,37,0.351,15,22,0.682,10,32,42,28,8,7,14,13,102
FFS,22000304,"JAN 30, 2021",Foufous de Sochaux vs. Grizzlys de Metz,L,11,9,0.55,240,39,83,0.47,13,29,0.448,21,26,0.808,8,30,38,25,7,5,13,16,112
FFS,22000296,"JAN 29, 2021",Foufous de Sochaux vs. Pépites de Montpellier,W,11,8,0.579,240,44,81,0.543,10,23,0.435,21,26,0.808,9,32,41,29,8,1,12,18,119
FFS,22000280,"JAN 27, 2021",Foufous de Sochaux vs. Panthères de Bordeaux,W,10,8,0.556,240,46,82,0.561,8,28,0.286,10,16,0.625,9,37,46,22,5,4,19,16,110
FFS,22000253,"JAN 24, 2021",Foufous de Sochaux vs. Wizards d'Amiens,W,9,8,0.529,240,48,96,0.5,15,31,0.484,10,11,0.909,5,39,44,27,11,5,8,14,121
FFS,22000237,"JAN 22, 2021",Foufous de Sochaux vs. Étoiles de Marseille,L,8,8,0.5,240,41,89,0.461,12,28,0.429,23,30,0.767,9,40,49,21,3,5,7,18,117
FFS,22000223,"JAN 20, 2021",Foufous de Sochaux @ Guerriers de Paris,L,8,7,0.533,240,35,94,0.372,4,33,0.121,25,31,0.806,12,31,43,17,7,2,10,15,99
FFS,22000207,"JAN 18, 2021",Foufous de Sochaux @ Blazers du Havre,W,8,6,0.571,240,48,90,0.533,15,33,0.455,14,16,0.875,12,36,48,33,6,6,12,17,125
FFS,22000189,"JAN 16, 2021",Foufous de Sochaux vs. Fusées de Rennes,W,7,6,0.538,240,40,100,0.4,5,24,0.208,18,23,0.783,17,41,58,19,10,7,12,21,103
FFS,22000176,"JAN 14, 2021",Foufous de Sochaux vs. Fusées de Rennes,L,6,6,0.5,240,42,92,0.457,9,31,0.29,12,16,0.75,10,31,41,26,10,4,10,17,105
FFS,22000162,"JAN 12, 2021",Foufous de Sochaux @ Thunder de Tours,W,6,5,0.545,240,41,95,0.432,10,35,0.286,20,22,0.909,7,39,46,26,8,5,4,20,112
FFS,22000147,"JAN 10, 2021",Foufous de Sochaux @ Loups de Limoges,L,5,5,0.5,240,36,94,0.383,8,30,0.267,8,14,0.571,9,36,45,21,4,5,10,16,88
FFS,22000138,"JAN 09, 2021",Foufous de Sochaux @ Loups de Limoges,W,5,4,0.556,265,44,101,0.436,13,32,0.406,24,29,0.828,12,36,48,22,8,3,6,19,125
FFS,22000121,"JAN 07, 2021",Foufous de Sochaux @ Lakers de Grenoble,W,4,4,0.5,240,43,92,0.467,16,35,0.457,16,17,0.941,6,34,40,28,4,3,6,15,118
FFS,22000105,"JAN 05, 2021",Foufous de Sochaux @ Clipper de Cannes,W,3,4,0.429,240,44,96,0.458,20,40,0.5,8,11,0.727,11,33,44,23,9,3,10,13,116
FFS,22000089,"JAN 03, 2021",Foufous de Sochaux vs. Jazz de Clermont-Ferrand,L,2,4,0.333,240,44,105,0.419,6,19,0.316,15,21,0.714,14,31,45,23,13,4,7,16,109
FFS,22000075,"JAN 01, 2021",Foufous de Sochaux vs. Lakers de Grenoble,L,2,3,0.4,240,36,85,0.424,13,34,0.382,18,26,0.692,8,37,45,23,3,8,13,20,103
FFS,22000060,"DEC 30, 2020",Foufous de Sochaux vs. Lakers de Grenoble,L,2,2,0.5,240,40,87,0.46,10,24,0.417,17,23,0.739,7,32,39,25,8,4,10,18,107
FFS,22000034,"DEC 27, 2020",Foufous de Sochaux @ Pélicans de Orléans,L,2,1,0.667,240,38,89,0.427,11,36,0.306,8,8,1.0,4,43,47,26,5,10,15,23,95
FFS,22000027,"DEC 26, 2020",Foufous de Sochaux vs. Raptors de Rouen,W,2,0,1.0,240,47,100,0.47,14,34,0.412,11,16,0.688,14,39,53,36,4,3,16,20,119
FFS,22000017,"DEC 23, 2020",Foufous de Sochaux @ Grizzlys de Metz,W,1,0,1.0,240,48,95,0.505,10,25,0.4,25,29,0.862,8,40,48,28,8,8,10,18,131
FFS,22101219,"APR 10, 2022",Foufous de Sochaux @ Étoiles de Marseille,L,34,48,0.415,240,43,89,0.483,11,31,0.355,23,23,1.0,7,28,35,26,15,3,8,17,120
FFS,22101215,"APR 09, 2022",Foufous de Sochaux vs. Guerriers de Paris,L,34,47,0.42,240,32,80,0.4,10,31,0.323,20,27,0.741,4,37,41,19,5,3,12,24,94
FFS,22101199,"APR 07, 2022",Foufous de Sochaux @ Loups de Limoges,L,34,46,0.425,240,43,89,0.483,10,28,0.357,25,34,0.735,8,37,45,31,5,5,12,22,121
FFS,22101186,"APR 05, 2022",Foufous de Sochaux @ Pépites de Montpellier,W,34,45,0.43,240,44,89,0.494,12,26,0.462,16,24,0.667,5,43,48,31,6,3,10,14,116
FFS,22101175,"APR 03, 2022",Foufous de Sochaux vs. Blazers du Havre,W,33,45,0.423,240,38,84,0.452,14,42,0.333,23,30,0.767,10,41,51,25,9,1,12,18,113
FFS,22101158,"APR 01, 2022",Foufous de Sochaux vs. Blazers du Havre,W,32,45,0.416,240,46,81,0.568,16,37,0.432,22,28,0.786,8,36,44,34,9,6,14,16,130
FFS,22101144,"MAR 30, 2022",Foufous de Sochaux vs. Grizzlys de Metz,L,31,45,0.408,240,42,83,0.506,14,35,0.4,13,16,0.813,7,30,37,26,8,1,14,13,111
FFS,22101128,"MAR 28, 2022",Foufous de Sochaux @ Fusées de Rennes,W,31,44,0.413,240,47,100,0.47,7,29,0.241,22,28,0.786,17,39,56,28,11,5,12,20,123
FFS,22101107,"MAR 26, 2022",Foufous de Sochaux @ Pélicans de Orléans,W,30,44,0.405,240,39,92,0.424,7,26,0.269,22,25,0.88,16,33,49,22,4,6,10,17,107
FFS,22101094,"MAR 23, 2022",Foufous de Sochaux @ Blazers du Havre,W,29,44,0.397,240,46,94,0.489,19,44,0.432,22,24,0.917,14,39,53,34,8,11,13,13,133
FFS,22101070,"MAR 20, 2022",Foufous de Sochaux @ Guerriers de Paris,W,28,44,0.389,240,38,98,0.388,15,40,0.375,19,25,0.76,17,27,44,25,7,2,10,18,110
FFS,22101054,"MAR 18, 2022",Foufous de Sochaux vs. Pélicans de Orléans,L,27,44,0.38,240,32,89,0.36,11,44,0.25,16,20,0.8,8,32,40,22,5,4,16,12,91
FFS,22101040,"MAR 16, 2022",Foufous de Sochaux vs. Thunder de Tours,W,27,43,0.386,240,43,98,0.439,19,41,0.463,17,20,0.85,15,33,48,31,10,2,12,18,122
FFS,22101024,"MAR 14, 2022",Foufous de Sochaux vs. Loups de Limoges,L,26,43,0.377,240,52,97,0.536,13,35,0.371,22,26,0.846,9,27,36,33,5,11,15,24,139
FFS,22101007,"MAR 12, 2022",Foufous de Sochaux vs. Pacers de Dijon,L,26,42,0.382,240,42,102,0.412,11,34,0.324,13,16,0.813,15,37,52,28,6,3,10,15,108
FFS,22101002,"MAR 11, 2022",Foufous de Sochaux vs. Jazz de Clermont-Ferrand,W,26,41,0.388,240,34,85,0.4,6,29,0.207,30,43,0.698,14,40,54,15,8,6,13,20,104
FFS,22100989,"MAR 09, 2022",Foufous de Sochaux vs. Raptors de Rouen,L,25,41,0.379,240,38,84,0.452,9,32,0.281,19,20,0.95,7,29,36,24,5,4,12,18,104
FFS,22100973,"MAR 07, 2022",Foufous de Sochaux vs. Lakers de Grenoble,W,25,40,0.385,240,46,84,0.548,9,26,0.346,16,30,0.533,12,35,47,28,6,7,16,18,117
FFS,22100955,"MAR 05, 2022",Foufous de Sochaux @ Frelons de Nice,L,24,40,0.375,240,45,98,0.459,11,37,0.297,16,20,0.8,13,38,51,28,7,6,10,18,117
FFS,22100944,"MAR 03, 2022",Foufous de Sochaux vs. Rois de Saint-Étienne,L,24,39,0.381,240,46,93,0.495,12,32,0.375,8,16,0.5,6,34,40,28,8,5,11,24,112
FFS,22100923,"FEB 28, 2022",Foufous de Sochaux @ Grizzlys de Metz,L,24,38,0.387,240,41,99,0.414,9,32,0.281,14,19,0.737,12,26,38,30,13,3,9,18,105
FFS,22100908,"FEB 26, 2022",Foufous de Sochaux @ Chaleur de Monaco,L,24,37,0.393,240,50,90,0.556,14,31,0.452,15,19,0.789,12,34,46,33,5,1,20,31,129
FFS,22100899,"FEB 25, 2022",Foufous de Sochaux @ Wizards d'Amiens,W,24,36,0.4,290,57,105,0.543,9,29,0.31,34,43,0.791,16,34,50,35,6,3,17,22,157
FFS,22100881,"FEB 16, 2022",Foufous de Sochaux @ Thunder de Tours,W,23,36,0.39,240,43,98,0.439,10,34,0.294,18,22,0.818,14,43,57,29,3,7,13,15,114
FFS,22100861,"FEB 14, 2022",Foufous de Sochaux @ Taureaux de Toulouse,L,22,36,0.379,240,44,92,0.478,6,20,0.3,15,21,0.714,4,29,33,28,9,2,7,15,109
FFS,22100848,"FEB 12, 2022",Foufous de Sochaux @ Pélicans de Orléans,W,22,35,0.386,240,47,93,0.505,14,37,0.378,16,19,0.842,7,27,34,26,9,5,5,19,124
FFS,22100841,"FEB 11, 2022",Foufous de Sochaux @ Aigles de Strasbourg,W,21,35,0.375,240,50,90,0.556,18,32,0.563,18,21,0.857,5,36,41,37,11,4,14,21,136
FFS,22100825,"FEB 09, 2022",Foufous de Sochaux @ Cavaliers de Lille,L,20,35,0.364,240,38,99,0.384,8,33,0.242,8,11,0.727,15,31,46,24,8,4,13,17,92
FFS,22100792,"FEB 04, 2022",Foufous de Sochaux vs. Fusées de Rennes,W,20,34,0.37,240,51,89,0.573,13,28,0.464,16,20,0.8,11,33,44,33,14,5,12,25,131
FFS,22100521,"FEB 03, 2022",Foufous de Sochaux vs. Chaleur de Monaco,L,19,34,0.358,240,30,80,0.375,8,33,0.242,27,38,0.711,12,31,43,21,9,5,17,19,95
FFS,22100771,"FEB 01, 2022",Foufous de Sochaux vs. Guerriers de Paris,L,19,33,0.365,240,46,83,0.554,16,33,0.485,12,17,0.706,5,29,34,33,7,7,14,17,120
FFS,22100758,"JAN 30, 2022",Foufous de Sochaux @ Soleils d'Avignon,L,19,32,0.373,240,45,100,0.45,13,37,0.351,7,8,0.875,11,32,43,27,6,3,11,15,110
FFS,22100742,"JAN 28, 2022",Foufous de Sochaux vs. Taureaux de Toulouse,W,19,31,0.38,240,50,95,0.526,16,37,0.432,15,18,0.833,10,34,44,35,3,1,7,18,131
FFS,22100728,"JAN 26, 2022",Foufous de Sochaux vs. Grizzlys de Metz,L,18,31,0.367,240,43,94,0.457,9,37,0.243,15,19,0.789,13,26,39,30,9,7,13,19,110
FFS,22100719,"JAN 25, 2022",Foufous de Sochaux @ Fusées de Rennes,W,18,30,0.375,240,58,101,0.574,12,32,0.375,6,6,1.0,11,38,49,38,8,5,13,22,134
FFS,22100704,"JAN 23, 2022",Foufous de Sochaux vs. Sixers de Brest,L,17,30,0.362,240,42,89,0.472,10,30,0.333,15,22,0.682,12,31,43,30,4,5,8,15,109
FFS,22100691,"JAN 21, 2022",Foufous de Sochaux vs. Lions de Lyon,L,17,29,0.37,240,37,95,0.389,8,29,0.276,20,24,0.833,16,33,49,24,3,7,6,13,102
FFS,22100676,"JAN 19, 2022",Foufous de Sochaux vs. Thunder de Tours,W,17,28,0.378,240,47,96,0.49,15,40,0.375,9,14,0.643,11,39,50,32,9,13,9,17,118
FFS,22100664,"JAN 17, 2022",Foufous de Sochaux vs. Soleils d'Avignon,L,16,28,0.364,240,41,92,0.446,9,30,0.3,16,22,0.727,13,34,47,21,3,2,12,16,107
FFS,22100648,"JAN 15, 2022",Foufous de Sochaux vs. Clipper de Cannes,W,16,27,0.372,240,34,83,0.41,11,37,0.297,22,27,0.815,15,39,54,19,6,5,14,12,101
FFS,22100638,"JAN 14, 2022",Foufous de Sochaux vs. Cavaliers de Lille,L,15,27,0.357,240,42,92,0.457,15,34,0.441,10,13,0.769,10,37,47,22,6,5,15,24,109
FFS,22100623,"JAN 12, 2022",Foufous de Sochaux vs. Fusées de Rennes,L,15,26,0.366,240,43,99,0.434,17,46,0.37,21,27,0.778,9,34,43,27,10,5,9,24,124
FFS,22100610,"JAN 10, 2022",Foufous de Sochaux @ Knicks de Nancy,L,15,25,0.375,240,39,95,0.411,8,29,0.276,10,15,0.667,13,30,43,19,7,7,10,18,96
FFS,22100602,"JAN 09, 2022",Foufous de Sochaux @ Lions de Lyon,L,15,24,0.385,265,46,107,0.43,13,32,0.406,14,18,0.778,12,32,44,33,12,8,15,19,119
FFS,22100582,"JAN 07, 2022",Foufous de Sochaux @ Sixers de Brest,L,15,23,0.395,240,38,92,0.413,9,30,0.3,15,20,0.75,11,28,39,22,6,6,12,21,100
FFS,22100570,"JAN 05, 2022",Foufous de Sochaux @ Panthères de Bordeaux,W,15,22,0.405,240,42,88,0.477,10,26,0.385,5,5,1.0,12,36,48,20,6,5,17,13,99
FFS,22100563,"JAN 04, 2022",Foufous de Sochaux @ Raptors de Rouen,L,14,22,0.389,240,41,95,0.432,9,35,0.257,13,19,0.684,17,33,50,27,6,3,20,23,104
FFS,22100540,"JAN 01, 2022",Foufous de Sochaux @ Pistons de Nantes,L,14,21,0.4,265,42,102,0.412,12,40,0.3,20,28,0.714,13,35,48,30,8,3,16,27,116
FFS,22100535,"DEC 31, 2021",Foufous de Sochaux @ Grizzlys de Metz,L,14,20,0.412,240,39,90,0.433,12,35,0.343,15,24,0.625,11,36,47,24,3,8,11,15,105
FFS,22100504,"DEC 27, 2021",Foufous de Sochaux vs. Jazz de Clermont-Ferrand,L,14,19,0.424,240,45,100,0.45,10,30,0.333,4,9,0.444,9,35,44,26,8,3,10,24,104
FFS,22100498,"DEC 26, 2021",Foufous de Sochaux vs. Pistons de Nantes,W,14,18,0.438,240,51,91,0.56,13,27,0.481,29,37,0.784,9,43,52,39,6,5,18,28,144
FFS,22100487,"DEC 23, 2021",Foufous de Sochaux @ Lakers de Grenoble,W,13,18,0.419,240,46,95,0.484,18,39,0.462,28,33,0.848,12,38,50,33,7,5,6,21,138
FFS,22100463,"DEC 20, 2021",Foufous de Sochaux @ Clipper de Cannes,W,12,18,0.4,240,50,114,0.439,12,37,0.324,4,6,0.667,23,43,66,37,11,4,11,19,116
FFS,22100451,"DEC 19, 2021",Foufous de Sochaux @ Rois de Saint-Étienne,L,11,18,0.379,240,45,91,0.495,12,25,0.48,12,13,0.923,13,31,44,24,7,8,14,12,114
FFS,22100437,"DEC 17, 2021",Foufous de Sochaux @ Jazz de Clermont-Ferrand,W,11,17,0.393,240,50,100,0.5,15,41,0.366,13,18,0.722,11,32,43,27,8,4,7,18,128
FFS,22100423,"DEC 15, 2021",Foufous de Sochaux vs. Frelons de Nice,L,10,17,0.37,240,39,90,0.433,12,37,0.324,25,25,1.0,11,27,38,27,5,3,8,14,115
FFS,22100401,"DEC 12, 2021",Foufous de Sochaux vs. Pélicans de Orléans,W,10,16,0.385,240,45,91,0.495,7,25,0.28,15,20,0.75,15,40,55,31,11,5,13,19,112
FFS,22100397,"DEC 11, 2021",Foufous de Sochaux vs. Pépites de Montpellier,L,9,16,0.36,240,41,89,0.461,10,27,0.37,20,29,0.69,14,31,45,28,4,4,17,18,112
FFS,22100381,"DEC 09, 2021",Foufous de Sochaux vs. Pépites de Montpellier,W,9,15,0.375,240,46,88,0.523,15,35,0.429,16,22,0.727,14,40,54,32,5,7,13,21,123
FFS,22100364,"DEC 07, 2021",Foufous de Sochaux vs. Knicks de Nancy,L,8,15,0.348,240,41,92,0.446,12,31,0.387,15,20,0.75,13,30,43,30,5,4,10,18,109
FFS,22100360,"DEC 06, 2021",Foufous de Sochaux @ Soleils d'Avignon,L,8,14,0.364,240,40,93,0.43,11,29,0.379,13,19,0.684,9,32,41,31,12,6,15,18,104
FFS,22100346,"DEC 04, 2021",Foufous de Sochaux @ Guerriers de Paris,W,8,13,0.381,240,42,88,0.477,12,35,0.343,16,19,0.842,11,34,45,24,10,4,12,17,112
FFS,22100332,"DEC 02, 2021",Foufous de Sochaux @ Blazers du Havre,W,7,13,0.35,240,44,91,0.484,14,36,0.389,12,16,0.75,6,42,48,32,10,5,12,15,114
FFS,22100311,"nov. 29, 2021",Foufous de Sochaux vs. Wizards d'Amiens,W,6,13,0.316,240,49,92,0.533,8,18,0.444,10,16,0.625,15,36,51,28,4,6,10,15,116
FFS,22100287,"nov. 26, 2021",Foufous de Sochaux vs. Panthères de Bordeaux,W,5,13,0.278,240,38,87,0.437,6,24,0.25,14,19,0.737,8,45,53,21,7,6,10,15,96
FFS,22100277,"nov. 24, 2021",Foufous de Sochaux vs. Aigles de Strasbourg,L,4,13,0.235,240,43,100,0.43,12,33,0.364,8,10,0.8,15,29,44,27,8,4,12,16,106
FFS,22100260,"nov. 22, 2021",Foufous de Sochaux vs. Soleils d'Avignon,L,4,12,0.25,240,49,93,0.527,5,20,0.25,8,16,0.5,11,33,44,23,9,4,15,16,111
FFS,22100227,"nov. 18, 2021",Foufous de Sochaux @ Loups de Limoges,L,4,11,0.267,240,35,84,0.417,6,32,0.188,14,19,0.737,11,31,42,26,7,6,12,12,90
FFS,22100212,"nov. 16, 2021",Foufous de Sochaux @ Clipper de Cannes,L,4,10,0.286,240,41,95,0.432,5,22,0.227,5,7,0.714,6,35,41,26,10,4,16,17,92
FFS,22100192,"nov. 14, 2021",Foufous de Sochaux @ Lakers de Grenoble,L,4,9,0.308,240,40,90,0.444,16,36,0.444,10,15,0.667,11,32,43,28,9,2,15,17,106
FFS,22100181,"nov. 12, 2021",Foufous de Sochaux vs. Étoiles de Marseille,L,4,8,0.333,240,41,84,0.488,13,30,0.433,14,20,0.7,3,38,41,30,3,3,13,17,109
FFS,22100166,"nov. 10, 2021",Foufous de Sochaux vs. Rois de Saint-Étienne,W,4,7,0.364,240,49,92,0.533,18,32,0.563,20,31,0.645,12,31,43,34,11,3,8,16,136
FFS,22100144,"nov. 07, 2021",Foufous de Sochaux @ Thunder de Tours,L,3,7,0.3,240,41,100,0.41,6,30,0.2,6,9,0.667,11,35,46,29,9,10,9,16,94
FFS,22100125,"nov. 05, 2021",Foufous de Sochaux @ Magic d'Angers,W,3,6,0.333,240,40,90,0.444,6,19,0.316,16,18,0.889,5,43,48,23,11,7,13,14,102
FFS,22100116,"nov. 03, 2021",Foufous de Sochaux vs. Étoiles de Marseille,L,2,6,0.25,240,43,88,0.489,7,21,0.333,15,20,0.75,5,35,40,25,10,10,15,24,108
FFS,22100095,"nov. 01, 2021",Foufous de Sochaux @ Pacers de Dijon,L,2,5,0.286,240,47,89,0.528,14,28,0.5,10,14,0.714,8,28,36,34,6,4,16,9,118
FFS,22100085,"oct. 30, 2021",Foufous de Sochaux @ Bucks de Reims,W,2,4,0.333,240,39,95,0.411,7,31,0.226,17,24,0.708,8,41,49,28,12,3,9,13,102
FFS,22100069,"oct. 28, 2021",Foufous de Sochaux @ Étoiles de Marseille,L,1,4,0.2,240,39,88,0.443,12,30,0.4,9,15,0.6,11,37,48,21,6,11,14,16,99
FFS,22100053,"oct. 26, 2021",Foufous de Sochaux vs. Lakers de Grenoble,L,1,3,0.25,265,48,108,0.444,13,36,0.361,12,22,0.545,16,43,59,33,10,6,15,22,121
FFS,22100032,"oct. 23, 2021",Foufous de Sochaux vs. Bucks de Reims,L,1,2,0.333,240,48,99,0.485,10,39,0.256,5,6,0.833,10,28,38,29,10,4,12,18,111
FFS,22100024,"oct. 22, 2021",Foufous de Sochaux @ Pépites de Montpellier,L,1,1,0.5,240,40,84,0.476,6,24,0.25,10,14,0.714,7,32,39,24,11,2,20,17,96
FFS,22100010,"oct. 20, 2021",Foufous de Sochaux vs. Magic d'Angers,W,1,0,1.0,240,49,98,0.5,13,30,0.433,12,18,0.667,13,30,43,32,8,3,8,22,123
FFS,22201224,"APR 09, 2023",Foufous de Sochaux @ Étoiles de Marseille,W,22,60,0.268,240,51,104,0.49,15,38,0.395,21,30,0.7,13,56,69,31,2,3,12,13,138
FFS,22201214,"APR 08, 2023",Foufous de Sochaux vs. Loups de Limoges,L,21,60,0.259,240,50,95,0.526,13,29,0.448,18,24,0.75,10,35,45,34,5,4,13,16,131
FFS,22201199,"APR 06, 2023",Foufous de Sochaux vs. Blazers du Havre,W,21,59,0.263,240,47,106,0.443,10,35,0.286,25,28,0.893,18,29,47,29,9,4,14,12,129
FFS,22201188,"APR 04, 2023",Foufous de Sochaux @ Soleils d'Avignon,L,20,59,0.253,240,35,90,0.389,13,40,0.325,11,14,0.786,9,29,38,25,7,5,12,16,94
FFS,22201170,"APR 02, 2023",Foufous de Sochaux @ Rois de Saint-Étienne,W,20,58,0.256,265,52,98,0.531,13,34,0.382,25,29,0.862,14,38,52,31,8,3,17,25,142
FFS,22201158,"MAR 31, 2023",Foufous de Sochaux @ Guerriers de Paris,L,19,58,0.247,240,42,91,0.462,15,38,0.395,16,23,0.696,14,32,46,27,8,4,13,20,115
FFS,22201143,"MAR 29, 2023",Foufous de Sochaux vs. Jazz de Clermont-Ferrand,L,19,57,0.25,240,45,95,0.474,10,35,0.286,17,21,0.81,9,30,39,31,10,4,15,16,117
FFS,22201116,"MAR 26, 2023",Foufous de Sochaux @ Panthères de Bordeaux,L,19,56,0.253,240,36,97,0.371,8,36,0.222,13,18,0.722,3,35,38,22,7,0,10,16,93
FFS,22201098,"MAR 24, 2023",Foufous de Sochaux @ Wizards d'Amiens,L,19,55,0.257,240,51,101,0.505,13,38,0.342,9,15,0.6,11,30,41,35,4,4,5,21,124
FFS,22201089,"MAR 22, 2023",Foufous de Sochaux @ Bucks de Reims,L,19,54,0.26,240,36,93,0.387,9,39,0.231,13,20,0.65,8,38,46,26,7,6,19,21,94
FFS,22201080,"MAR 21, 2023",Foufous de Sochaux @ Pélicans de Orléans,L,19,53,0.264,240,30,87,0.345,13,41,0.317,11,19,0.579,10,27,37,22,8,3,14,19,84
FFS,22201065,"MAR 19, 2023",Foufous de Sochaux vs. Aigles de Strasbourg,W,19,52,0.268,240,51,94,0.543,14,28,0.5,10,16,0.625,10,31,41,26,9,5,12,18,126
FFS,22201052,"MAR 17, 2023",Foufous de Sochaux vs. Grizzlys de Metz,L,18,52,0.257,265,39,98,0.398,20,52,0.385,22,29,0.759,16,38,54,31,11,4,19,19,120
FFS,22201040,"MAR 15, 2023",Foufous de Sochaux vs. Étoiles de Marseille,L,18,51,0.261,265,49,107,0.458,15,34,0.441,15,26,0.577,16,31,47,26,7,4,10,30,128
FFS,22201032,"MAR 14, 2023",Foufous de Sochaux vs. Magic d'Angers,W,18,50,0.265,240,48,85,0.565,22,41,0.537,14,18,0.778,7,40,47,39,6,7,14,17,132
FFS,22201018,"MAR 12, 2023",Foufous de Sochaux vs. Thunder de Tours,L,17,50,0.254,240,33,88,0.375,10,36,0.278,14,19,0.737,10,40,50,24,3,7,18,18,90
FFS,22201002,"MAR 10, 2023",Foufous de Sochaux vs. Pépites de Montpellier,W,17,49,0.258,240,51,94,0.543,13,33,0.394,13,17,0.765,13,37,50,31,10,0,18,20,128
FFS,22200967,"MAR 05, 2023",Foufous de Sochaux @ Fusées de Rennes,L,16,49,0.246,240,43,93,0.462,11,34,0.324,13,21,0.619,13,22,35,23,5,4,15,20,110
FFS,22200959,"MAR 04, 2023",Foufous de Sochaux vs. Fusées de Rennes,L,16,48,0.25,240,38,86,0.442,15,37,0.405,19,20,0.95,13,29,42,24,9,3,14,20,110
FFS,22200944,"MAR 02, 2023",Foufous de Sochaux vs. Pacers de Dijon,W,16,47,0.254,240,45,98,0.459,10,32,0.313,10,13,0.769,13,37,50,31,5,6,15,14,110
FFS,22200930,"FEB 28, 2023",Foufous de Sochaux @ Jazz de Clermont-Ferrand,W,15,47,0.242,240,39,91,0.429,8,26,0.308,16,25,0.64,9,36,45,23,9,5,12,22,102
FFS,22200909,"FEB 25, 2023",Foufous de Sochaux @ Jazz de Clermont-Ferrand,L,14,47,0.23,240,38,97,0.392,9,34,0.265,17,21,0.81,9,32,41,21,5,6,9,21,102
FFS,22200891,"FEB 23, 2023",Foufous de Sochaux @ Étoiles de Marseille,L,14,46,0.233,240,45,86,0.523,10,25,0.4,16,23,0.696,10,35,45,30,4,1,16,25,116
FFS,22200873,"FEB 15, 2023",Foufous de Sochaux @ Frelons de Nice,L,14,45,0.237,240,41,107,0.383,13,38,0.342,15,20,0.75,20,38,58,24,7,6,15,24,110
FFS,22200858,"FEB 13, 2023",Foufous de Sochaux @ Cavaliers de Lille,L,14,44,0.241,240,43,85,0.506,8,21,0.381,15,20,0.75,11,24,35,27,10,1,16,21,109
FFS,22200850,"FEB 11, 2023",Foufous de Sochaux @ Aigles de Strasbourg,L,14,43,0.246,240,40,94,0.426,11,37,0.297,15,17,0.882,14,35,49,25,9,5,19,17,106
FFS,22200835,"FEB 10, 2023",Foufous de Sochaux @ Pistons de Nantes,L,14,42,0.25,290,45,107,0.421,14,42,0.333,27,34,0.794,13,38,51,21,7,3,17,32,131
FFS,22200826,"FEB 08, 2023",Foufous de Sochaux @ Raptors de Rouen,L,14,41,0.255,240,35,87,0.402,9,32,0.281,19,27,0.704,7,32,39,24,11,4,12,18,98
FFS,22200811,"FEB 06, 2023",Foufous de Sochaux @ Taureaux de Toulouse,L,14,40,0.259,240,40,90,0.444,8,26,0.308,16,17,0.941,6,32,38,25,7,3,18,23,104
FFS,22200791,"FEB 03, 2023",Foufous de Sochaux vs. Sixers de Brest,L,14,39,0.264,240,52,89,0.584,7,21,0.333,14,15,0.933,9,26,35,32,8,0,18,25,125
FFS,22200775,"FEB 01, 2023",Foufous de Sochaux vs. Rois de Saint-Étienne,L,14,38,0.269,240,48,88,0.545,8,24,0.333,5,7,0.714,8,32,40,30,5,1,18,17,109
FFS,22200760,"JAN 30, 2023",Foufous de Sochaux vs. Wizards d'Amiens,L,14,37,0.275,240,42,97,0.433,7,29,0.241,15,23,0.652,14,29,43,26,6,6,10,20,106
FFS,22200748,"JAN 28, 2023",Foufous de Sochaux vs. Soleils d'Avignon,L,14,36,0.28,265,48,109,0.44,10,29,0.345,12,17,0.706,17,36,53,32,6,4,13,20,118
FFS,22200735,"JAN 26, 2023",Foufous de Sochaux @ Clipper de Cannes,L,14,35,0.286,240,37,82,0.451,8,24,0.333,18,28,0.643,11,31,42,24,2,1,12,18,100
FFS,22200729,"JAN 25, 2023",Foufous de Sochaux @ Lakers de Grenoble,L,14,34,0.292,240,40,106,0.377,8,34,0.235,16,18,0.889,17,31,48,22,11,2,14,19,104
FFS,22200711,"JAN 23, 2023",Foufous de Sochaux @ Blazers du Havre,L,14,33,0.298,240,47,90,0.522,13,27,0.481,20,26,0.769,14,26,40,30,7,4,15,18,127
FFS,22200687,"JAN 20, 2023",Foufous de Sochaux vs. Clipper de Cannes,L,14,32,0.304,240,51,89,0.573,14,26,0.538,10,14,0.714,12,22,34,34,3,1,6,15,126
FFS,22200666,"JAN 17, 2023",Foufous de Sochaux vs. Lions de Lyon,W,14,31,0.311,240,37,97,0.381,7,34,0.206,25,28,0.893,13,41,54,23,12,4,15,22,106
FFS,22200652,"JAN 15, 2023",Foufous de Sochaux vs. Rois de Saint-Étienne,L,13,31,0.295,240,48,93,0.516,10,26,0.385,13,20,0.65,11,29,40,27,1,3,10,21,119
FFS,22200635,"JAN 13, 2023",Foufous de Sochaux vs. Guerriers de Paris,L,13,30,0.302,240,40,88,0.455,8,22,0.364,25,34,0.735,7,31,38,26,6,3,15,19,113
FFS,22200623,"JAN 11, 2023",Foufous de Sochaux @ Grizzlys de Metz,L,13,29,0.31,240,50,107,0.467,11,34,0.324,18,23,0.783,17,31,48,33,7,11,12,18,129
FFS,22200608,"JAN 09, 2023",Foufous de Sochaux @ Grizzlys de Metz,L,13,28,0.317,240,44,97,0.454,11,32,0.344,14,16,0.875,12,30,42,28,8,1,14,24,113
FFS,22200591,"JAN 07, 2023",Foufous de Sochaux vs. Panthères de Bordeaux,L,13,27,0.325,240,49,100,0.49,7,25,0.28,11,14,0.786,12,39,51,25,6,3,13,20,116
FFS,22200585,"JAN 06, 2023",Foufous de Sochaux vs. Pistons de Nantes,W,13,26,0.333,240,45,81,0.556,9,24,0.375,22,26,0.846,7,37,44,27,8,4,17,16,121
FFS,22200568,"JAN 04, 2023",Foufous de Sochaux @ Knicks de Nancy,L,12,26,0.316,240,41,82,0.5,11,28,0.393,21,26,0.808,9,29,38,25,5,3,15,24,114
FFS,22200555,"JAN 02, 2023",Foufous de Sochaux @ Lions de Lyon,L,12,25,0.324,240,42,97,0.433,8,31,0.258,11,18,0.611,15,28,43,26,5,4,18,13,103
FFS,22200542,"DEC 31, 2022",Foufous de Sochaux vs. Étoiles de Marseille,L,12,24,0.333,240,47,85,0.553,8,19,0.421,23,32,0.719,15,33,48,28,1,0,13,21,125
FFS,22200527,"DEC 29, 2022",Foufous de Sochaux vs. Knicks de Nancy,W,12,23,0.343,240,45,88,0.511,11,28,0.393,21,29,0.724,14,34,48,25,5,7,11,23,122
FFS,22200511,"DEC 27, 2022",Foufous de Sochaux @ Thunder de Tours,L,11,23,0.324,240,46,99,0.465,10,29,0.345,12,14,0.857,16,25,41,20,9,4,14,21,114
FFS,22200503,"DEC 26, 2022",Foufous de Sochaux vs. Jazz de Clermont-Ferrand,W,11,22,0.333,240,48,87,0.552,6,18,0.333,24,34,0.706,6,35,41,27,11,8,14,25,126
FFS,22200479,"DEC 23, 2022",Foufous de Sochaux @ Magic d'Angers,L,10,22,0.313,240,44,97,0.454,12,38,0.316,13,18,0.722,13,25,38,28,10,6,13,18,113
FFS,22200477,"DEC 22, 2022",Foufous de Sochaux @ Pélicans de Orléans,L,10,21,0.323,240,43,90,0.478,9,28,0.321,22,27,0.815,14,30,44,23,8,2,17,24,117
FFS,22200455,"DEC 19, 2022",Foufous de Sochaux @ Fusées de Rennes,W,10,20,0.333,240,46,83,0.554,17,34,0.5,15,19,0.789,9,37,46,30,6,6,19,23,124
FFS,22200439,"DEC 17, 2022",Foufous de Sochaux vs. Chaleur de Monaco,L,9,20,0.31,240,33,77,0.429,10,27,0.37,25,33,0.758,7,31,38,29,8,3,17,19,101
FFS,22200420,"DEC 14, 2022",Foufous de Sochaux vs. Blazers du Havre,L,9,19,0.321,240,45,97,0.464,11,29,0.379,11,19,0.579,14,26,40,23,9,3,11,16,112
FFS,22200406,"DEC 12, 2022",Foufous de Sochaux vs. Cavaliers de Lille,W,9,18,0.333,240,46,97,0.474,9,27,0.333,11,16,0.688,19,27,46,25,6,2,12,19,112
FFS,22200387,"DEC 10, 2022",Foufous de Sochaux @ Chaleur de Monaco,W,8,18,0.308,240,42,78,0.538,7,21,0.333,24,31,0.774,9,37,46,24,8,4,18,21,115
FFS,22200375,"DEC 08, 2022",Foufous de Sochaux vs. Fusées de Rennes,W,7,18,0.28,240,46,83,0.554,13,36,0.361,13,15,0.867,7,31,38,25,5,7,16,19,118
FFS,22200345,"DEC 04, 2022",Foufous de Sochaux vs. Soleils d'Avignon,L,6,18,0.25,240,38,87,0.437,6,31,0.194,13,18,0.722,12,28,40,19,5,3,19,24,95
FFS,22200333,"DEC 02, 2022",Foufous de Sochaux vs. Pélicans de Orléans,L,6,17,0.261,240,38,98,0.388,11,39,0.282,12,16,0.75,10,39,49,26,4,4,12,23,99
FFS,22200319,"nov. 30, 2022",Foufous de Sochaux @ Thunder de Tours,L,6,16,0.273,240,41,92,0.446,10,37,0.27,19,25,0.76,13,31,44,27,5,2,10,20,111
FFS,22200288,"nov. 26, 2022",Foufous de Sochaux vs. Lakers de Grenoble,L,6,15,0.286,240,53,105,0.505,18,37,0.486,14,20,0.7,17,30,47,33,8,5,10,32,138
FFS,22200282,"nov. 25, 2022",Foufous de Sochaux vs. Lakers de Grenoble,L,6,14,0.3,240,38,100,0.38,6,33,0.182,12,16,0.75,20,30,50,21,11,3,16,18,94
FFS,22200269,"nov. 23, 2022",Foufous de Sochaux vs. Pélicans de Orléans,L,6,13,0.316,240,41,85,0.482,10,34,0.294,18,28,0.643,8,29,37,31,11,1,18,23,110
FFS,22200247,"nov. 20, 2022",Foufous de Sochaux @ Lakers de Grenoble,L,6,12,0.333,240,41,105,0.39,7,34,0.206,3,10,0.3,13,31,44,26,7,2,10,17,92
FFS,22200239,"nov. 19, 2022",Foufous de Sochaux @ Clipper de Cannes,L,6,11,0.353,240,36,87,0.414,7,26,0.269,18,21,0.857,15,28,43,22,4,2,15,13,97
FFS,22200222,"nov. 17, 2022",Foufous de Sochaux @ Rois de Saint-Étienne,L,6,10,0.375,240,46,84,0.548,11,26,0.423,9,12,0.75,7,25,32,29,8,6,18,22,112
FFS,22200209,"nov. 15, 2022",Foufous de Sochaux @ Blazers du Havre,L,6,9,0.4,240,44,85,0.518,9,29,0.31,13,17,0.765,11,27,38,34,7,5,19,25,110
FFS,22200205,"nov. 14, 2022",Foufous de Sochaux @ Guerriers de Paris,L,6,8,0.429,240,36,100,0.36,10,40,0.25,13,19,0.684,22,31,53,18,6,6,18,17,95
FFS,22200180,"nov. 11, 2022",Foufous de Sochaux vs. Bucks de Reims,W,6,7,0.462,240,43,85,0.506,12,31,0.387,13,15,0.867,9,41,50,22,3,13,19,22,111
FFS,22200169,"nov. 09, 2022",Foufous de Sochaux vs. Grizzlys de Metz,L,5,7,0.417,265,47,98,0.48,12,37,0.324,16,23,0.696,13,26,39,30,8,2,12,17,122
FFS,22200154,"nov. 07, 2022",Foufous de Sochaux vs. Pépites de Montpellier,L,5,6,0.455,240,43,82,0.524,12,33,0.364,11,18,0.611,10,28,38,31,14,5,24,17,109
FFS,22200138,"nov. 05, 2022",Foufous de Sochaux @ Pépites de Montpellier,L,5,5,0.5,240,39,80,0.488,12,30,0.4,11,19,0.579,6,22,28,28,8,3,15,13,101
FFS,22200126,"nov. 04, 2022",Foufous de Sochaux vs. Clipper de Cannes,L,5,4,0.556,240,42,88,0.477,12,31,0.387,10,18,0.556,6,29,35,23,7,2,13,17,106
FFS,22200114,"nov. 02, 2022",Foufous de Sochaux vs. Raptors de Rouen,L,5,3,0.625,240,37,94,0.394,14,43,0.326,12,14,0.857,13,33,46,29,3,6,23,20,100
FFS,22200092,"oct. 30, 2022",Foufous de Sochaux vs. Loups de Limoges,W,5,2,0.714,240,36,86,0.419,16,40,0.4,19,25,0.76,14,38,52,27,6,7,19,21,107
FFS,22200077,"oct. 28, 2022",Foufous de Sochaux vs. Taureaux de Toulouse,W,4,2,0.667,240,46,86,0.535,16,38,0.421,21,26,0.808,8,34,42,37,7,3,20,17,129
FFS,22200062,"oct. 26, 2022",Foufous de Sochaux @ Loups de Limoges,L,3,2,0.6,240,43,95,0.453,16,36,0.444,20,22,0.909,14,27,41,34,6,2,16,18,122
FFS,22200050,"oct. 24, 2022",Foufous de Sochaux @ Loups de Limoges,W,3,1,0.75,240,48,105,0.457,12,37,0.324,7,13,0.538,14,36,50,37,11,0,13,21,115
FFS,22200028,"oct. 22, 2022",Foufous de Sochaux @ Sixers de Brest,W,2,1,0.667,240,43,89,0.483,16,38,0.421,12,15,0.8,12,31,43,27,5,7,14,20,114
FFS,22200018,"oct. 21, 2022",Foufous de Sochaux @ Pacers de Dijon,W,1,1,0.5,240,44,81,0.543,17,31,0.548,32,44,0.727,7,30,37,34,9,4,17,22,137
FFS,22200011,"oct. 19, 2022",Foufous de Sochaux vs. Frelons de Nice,L,0,1,0.0,240,40,99,0.404,7,34,0.206,15,21,0.714,14,30,44,22,8,8,15,19,102
FFS,22301197,"APR 14, 2024",Foufous de Sochaux vs. Pistons de Nantes,W,22,60,0.268,240,49,91,0.538,15,34,0.441,10,14,0.714,12,42,54,33,9,3,13,17,123
FFS,22301180,"APR 12, 2024",Foufous de Sochaux vs. Pépites de Montpellier,W,21,60,0.259,240,45,85,0.529,15,33,0.455,16,23,0.696,11,38,49,31,2,4,18,13,121
FFS,22301163,"APR 10, 2024",Foufous de Sochaux @ Thunder de Tours,L,20,60,0.25,240,32,96,0.333,9,40,0.225,16,20,0.8,4,43,47,24,8,4,15,14,89
FFS,22301151,"APR 09, 2024",Foufous de Sochaux @ Grizzlys de Metz,W,20,59,0.253,240,42,87,0.483,10,40,0.25,8,8,1.0,10,41,51,30,5,11,16,12,102
FFS,22301140,"APR 07, 2024",Foufous de Sochaux vs. Sixers de Brest,L,19,59,0.244,290,44,98,0.449,16,44,0.364,22,26,0.846,14,45,59,31,5,11,25,17,126
FFS,22301123,"APR 05, 2024",Foufous de Sochaux @ Pélicans de Orléans,W,19,58,0.247,240,42,83,0.506,17,46,0.37,10,13,0.769,6,28,34,34,9,8,16,13,111
FFS,22301099,"APR 02, 2024",Foufous de Sochaux @ Pépites de Montpellier,L,18,58,0.237,240,42,105,0.4,13,44,0.295,8,16,0.5,15,44,59,33,4,12,7,19,105
FFS,22301085,"MAR 31, 2024",Foufous de Sochaux vs. Guerriers de Paris,L,18,57,0.24,240,40,89,0.449,17,43,0.395,16,18,0.889,16,29,45,31,7,5,19,12,113
FFS,22301070,"MAR 29, 2024",Foufous de Sochaux vs. Knicks de Nancy,W,18,56,0.243,265,44,82,0.537,16,40,0.4,26,32,0.813,8,38,46,34,3,2,15,16,130
FFS,22301058,"MAR 27, 2024",Foufous de Sochaux @ Jazz de Clermont-Ferrand,W,17,56,0.233,240,44,86,0.512,16,33,0.485,14,21,0.667,9,32,41,40,9,7,21,21,118
FFS,22301039,"MAR 25, 2024",Foufous de Sochaux vs. Soleils d'Avignon,W,16,56,0.222,240,40,91,0.44,8,31,0.258,16,19,0.842,5,35,40,23,10,1,7,15,104
FFS,22301025,"MAR 23, 2024",Foufous de Sochaux vs. Soleils d'Avignon,L,15,56,0.211,240,40,85,0.471,9,33,0.273,17,21,0.81,8,26,34,27,6,6,15,9,106
FFS,22301015,"MAR 22, 2024",Foufous de Sochaux vs. Grizzlys de Metz,L,15,55,0.214,240,37,95,0.389,7,38,0.184,16,23,0.696,15,41,56,24,12,7,16,23,97
FFS,22300994,"MAR 19, 2024",Foufous de Sochaux vs. Étoiles de Marseille,L,15,54,0.217,240,39,89,0.438,14,39,0.359,15,21,0.714,9,39,48,31,6,10,15,14,107
FFS,22300981,"MAR 17, 2024",Foufous de Sochaux vs. Lions de Lyon,W,15,53,0.221,265,46,99,0.465,9,37,0.243,21,23,0.913,13,37,50,30,6,10,17,17,122
FFS,22300965,"MAR 15, 2024",Foufous de Sochaux vs. Pépites de Montpellier,L,14,53,0.209,240,37,81,0.457,11,29,0.379,21,27,0.778,12,32,44,23,6,4,16,13,106
FFS,22300942,"MAR 12, 2024",Foufous de Sochaux vs. Fusées de Rennes,L,14,52,0.212,240,39,82,0.476,11,36,0.306,12,14,0.857,10,32,42,30,9,5,13,20,101
FFS,22300936,"MAR 11, 2024",Foufous de Sochaux vs. Guerriers de Paris,L,14,51,0.215,240,39,93,0.419,14,37,0.378,10,15,0.667,13,37,50,27,6,10,15,15,102
FFS,22300921,"MAR 09, 2024",Foufous de Sochaux @ Guerriers de Paris,W,14,50,0.219,240,44,86,0.512,17,33,0.515,21,28,0.75,12,37,49,34,6,6,12,22,126
FFS,22300908,"MAR 07, 2024",Foufous de Sochaux @ Rois de Saint-Étienne,L,13,50,0.206,240,46,91,0.505,16,33,0.485,21,21,1.0,9,28,37,39,8,4,12,20,129
FFS,22300891,"MAR 05, 2024",Foufous de Sochaux @ Fusées de Rennes,L,13,49,0.21,240,38,87,0.437,12,36,0.333,13,16,0.813,12,38,50,24,1,10,18,12,101
FFS,22300877,"MAR 03, 2024",Foufous de Sochaux vs. Pacers de Dijon,W,13,48,0.213,240,46,85,0.541,10,25,0.4,15,19,0.789,10,35,45,33,6,8,14,17,117
FFS,22300853,"FEB 29, 2024",Foufous de Sochaux vs. Thunder de Tours,W,12,48,0.2,240,48,91,0.527,19,39,0.487,17,20,0.85,11,34,45,39,6,8,11,20,132
FFS,22300838,"FEB 27, 2024",Foufous de Sochaux @ Loups de Limoges,L,11,48,0.186,240,39,82,0.476,16,41,0.39,11,15,0.733,7,34,41,28,9,7,22,15,105
FFS,22300825,"FEB 25, 2024",Foufous de Sochaux @ Jazz de Clermont-Ferrand,L,11,47,0.19,240,42,91,0.462,13,31,0.419,12,19,0.632,10,36,46,34,8,11,20,17,109
FFS,22300813,"FEB 23, 2024",Foufous de Sochaux @ Lakers de Grenoble,L,11,46,0.193,240,42,96,0.438,15,38,0.395,19,23,0.826,16,31,47,33,9,7,14,14,118
FFS,22300803,"FEB 22, 2024",Foufous de Sochaux @ Rois de Saint-Étienne,L,11,45,0.196,240,50,98,0.51,11,25,0.44,11,16,0.688,11,31,42,37,9,5,8,12,122
FFS,22300785,"FEB 14, 2024",Foufous de Sochaux @ Étoiles de Marseille,L,11,44,0.2,240,36,100,0.36,10,40,0.25,11,15,0.733,13,31,44,29,8,7,11,9,93
FFS,22300764,"FEB 12, 2024",Foufous de Sochaux @ Raptors de Rouen,W,11,43,0.204,240,46,87,0.529,11,30,0.367,19,23,0.826,5,41,46,37,12,13,17,14,122
FFS,22300750,"FEB 10, 2024",Foufous de Sochaux @ Lions de Lyon,L,10,43,0.189,240,36,91,0.396,11,34,0.324,20,21,0.952,15,26,41,20,5,3,14,11,103
FFS,22300734,"FEB 08, 2024",Foufous de Sochaux @ Magic d'Angers,L,10,42,0.192,240,42,81,0.519,11,35,0.314,16,17,0.941,4,23,27,29,7,5,14,16,111
FFS,22300730,"FEB 07, 2024",Foufous de Sochaux @ Chaleur de Monaco,L,10,41,0.196,240,41,90,0.456,12,37,0.324,10,17,0.588,6,40,46,30,6,2,14,21,104
FFS,22300703,"FEB 03, 2024",Foufous de Sochaux vs. Cavaliers de Lille,L,10,40,0.2,240,36,98,0.367,12,40,0.3,17,21,0.81,14,40,54,23,6,6,11,13,101
FFS,22300696,"FEB 02, 2024",Foufous de Sochaux vs. Pélicans de Orléans,L,10,39,0.204,240,46,96,0.479,10,39,0.256,11,18,0.611,18,37,55,35,6,10,18,16,113
FFS,22300681,"JAN 31, 2024",Foufous de Sochaux vs. Magic d'Angers,L,10,38,0.208,240,36,80,0.45,9,31,0.29,17,24,0.708,7,34,41,24,9,9,17,20,98
FFS,22300665,"JAN 29, 2024",Foufous de Sochaux vs. Wizards d'Amiens,L,10,37,0.213,240,43,92,0.467,12,30,0.4,15,17,0.882,10,26,36,31,10,7,14,17,113
FFS,22300649,"JAN 27, 2024",Foufous de Sochaux vs. Loups de Limoges,W,10,36,0.217,240,46,84,0.548,13,30,0.433,8,15,0.533,14,25,39,35,7,7,15,14,113
FFS,22300641,"JAN 26, 2024",Foufous de Sochaux vs. Blazers du Havre,W,9,36,0.2,240,42,92,0.457,10,34,0.294,22,26,0.846,17,42,59,30,12,5,17,11,116
FFS,22300622,"JAN 24, 2024",Foufous de Sochaux vs. Thunder de Tours,L,8,36,0.182,240,43,86,0.5,9,32,0.281,19,25,0.76,12,26,38,30,7,11,18,14,114
FFS,22300608,"JAN 22, 2024",Foufous de Sochaux @ Sixers de Brest,L,8,35,0.186,240,43,93,0.462,13,41,0.317,24,27,0.889,13,30,43,29,3,3,8,22,123
FFS,22300594,"JAN 20, 2024",Foufous de Sochaux @ Wizards d'Amiens,W,8,34,0.19,240,51,96,0.531,12,31,0.387,17,23,0.739,14,35,49,38,6,10,17,19,131
FFS,22300584,"JAN 19, 2024",Foufous de Sochaux @ Frelons de Nice,L,7,34,0.171,240,47,84,0.56,15,32,0.469,11,17,0.647,7,27,34,36,9,3,13,17,120
FFS,22300571,"JAN 17, 2024",Foufous de Sochaux @ Panthères de Bordeaux,L,7,33,0.175,240,39,93,0.419,7,34,0.206,13,16,0.813,11,30,41,26,5,3,10,15,98
FFS,22300559,"JAN 15, 2024",Foufous de Sochaux @ Aigles de Strasbourg,L,7,32,0.179,240,38,95,0.4,11,42,0.262,12,17,0.706,9,35,44,27,10,8,17,18,99
FFS,22300548,"JAN 13, 2024",Foufous de Sochaux vs. Taureaux de Toulouse,L,7,31,0.184,240,39,95,0.411,18,46,0.391,20,23,0.87,12,35,47,26,7,4,8,19,116
FFS,22300541,"JAN 12, 2024",Foufous de Sochaux vs. Frelons de Nice,W,7,30,0.189,240,45,87,0.517,18,38,0.474,27,34,0.794,7,38,45,31,9,7,14,20,135
FFS,22300519,"JAN 10, 2024",Foufous de Sochaux @ Pistons de Nantes,W,6,30,0.167,240,49,94,0.521,9,27,0.333,23,27,0.852,10,36,46,36,7,4,5,15,130
FFS,22300497,"JAN 07, 2024",Foufous de Sochaux @ Cavaliers de Lille,L,5,30,0.143,240,41,86,0.477,14,37,0.378,19,22,0.864,8,32,40,22,10,6,11,18,115
FFS,22300477,"JAN 04, 2024",Foufous de Sochaux vs. Bucks de Reims,L,5,29,0.147,240,46,95,0.484,14,40,0.35,15,17,0.882,10,32,42,31,10,8,11,16,121
FFS,22300460,"JAN 02, 2024",Foufous de Sochaux @ Grizzlys de Metz,L,5,28,0.152,240,36,85,0.424,10,31,0.323,16,23,0.696,6,34,40,21,6,8,14,24,98
FFS,22300448,"DEC 31, 2023",Foufous de Sochaux vs. Panthères de Bordeaux,L,5,27,0.156,240,40,94,0.426,12,45,0.267,9,12,0.75,9,30,39,28,6,1,12,17,101
FFS,22300437,"DEC 29, 2023",Foufous de Sochaux @ Blazers du Havre,L,5,26,0.161,240,48,94,0.511,14,33,0.424,18,25,0.72,13,29,42,31,9,3,14,19,128
FFS,22300427,"DEC 28, 2023",Foufous de Sochaux @ Blazers du Havre,W,5,25,0.167,240,41,85,0.482,10,36,0.278,26,28,0.929,7,35,42,33,9,10,11,20,118
FFS,22300412,"DEC 26, 2023",Foufous de Sochaux vs. Jazz de Clermont-Ferrand,L,4,25,0.138,240,44,98,0.449,16,35,0.457,14,21,0.667,13,30,43,36,8,8,9,18,118
FFS,22300398,"DEC 23, 2023",Foufous de Sochaux @ Étoiles de Marseille,L,4,24,0.143,240,44,98,0.449,14,45,0.311,17,24,0.708,8,34,42,32,9,3,10,16,119
FFS,22300376,"DEC 21, 2023",Foufous de Sochaux @ Taureaux de Toulouse,L,4,23,0.148,240,37,81,0.457,10,30,0.333,11,16,0.688,9,32,41,24,6,7,19,11,95
FFS,22300361,"DEC 19, 2023",Foufous de Sochaux @ Bucks de Reims,L,4,22,0.154,240,46,96,0.479,9,30,0.3,18,21,0.857,8,44,52,27,4,4,16,17,119
FFS,22300345,"DEC 17, 2023",Foufous de Sochaux vs. Pélicans de Orléans,L,4,21,0.16,240,40,94,0.426,15,42,0.357,15,21,0.714,9,30,39,29,6,6,13,15,110
FFS,22300331,"DEC 15, 2023",Foufous de Sochaux vs. Lakers de Grenoble,W,4,20,0.167,240,47,95,0.495,18,42,0.429,17,19,0.895,9,36,45,35,5,5,8,19,129
FFS,22300316,"DEC 13, 2023",Foufous de Sochaux vs. Lakers de Grenoble,L,3,20,0.13,240,45,96,0.469,16,37,0.432,13,18,0.722,10,36,46,28,8,6,17,16,119
FFS,22300298,"DEC 11, 2023",Foufous de Sochaux @ Fusées de Rennes,L,3,19,0.136,240,31,87,0.356,5,41,0.122,15,22,0.682,9,42,51,20,9,5,17,14,82
FFS,22301223,"DEC 08, 2023",Foufous de Sochaux vs. Taureaux de Toulouse,L,3,18,0.143,240,39,83,0.47,17,42,0.405,17,20,0.85,10,34,44,35,4,9,12,20,112
FFS,22301210,"DEC 06, 2023",Foufous de Sochaux @ Loups de Limoges,L,3,17,0.15,240,38,101,0.376,8,36,0.222,10,15,0.667,13,36,49,23,7,4,11,17,94
FFS,22300278,"DEC 01, 2023",Foufous de Sochaux @ Pélicans de Orléans,L,3,16,0.158,240,38,83,0.458,16,39,0.41,14,17,0.824,8,31,39,28,5,5,19,21,106
FFS,22300272,"nov. 30, 2023",Foufous de Sochaux vs. Aigles de Strasbourg,L,3,15,0.167,240,48,89,0.539,18,41,0.439,21,23,0.913,11,36,47,34,4,7,21,22,135
FFS,22300252,"nov. 26, 2023",Foufous de Sochaux @ Pépites de Montpellier,L,3,14,0.176,240,42,93,0.452,14,37,0.378,22,26,0.846,10,25,35,34,10,6,15,22,120
FFS,22300051,"nov. 24, 2023",Foufous de Sochaux @ Guerriers de Paris,L,3,13,0.188,240,45,100,0.45,12,47,0.255,10,12,0.833,15,31,46,28,10,3,19,18,112
FFS,22300235,"nov. 22, 2023",Foufous de Sochaux vs. Clipper de Cannes,L,3,12,0.2,240,35,91,0.385,11,38,0.289,21,23,0.913,10,34,44,26,8,6,13,24,102
FFS,22300223,"nov. 20, 2023",Foufous de Sochaux vs. Clipper de Cannes,L,3,11,0.214,240,39,90,0.433,10,38,0.263,11,14,0.786,13,36,49,23,4,7,16,17,99
FFS,22300206,"nov. 18, 2023",Foufous de Sochaux vs. Grizzlys de Metz,L,3,10,0.231,240,36,83,0.434,15,40,0.375,21,26,0.808,12,28,40,26,5,9,15,28,108
FFS,22300032,"nov. 17, 2023",Foufous de Sochaux vs. Rois de Saint-Étienne,L,3,9,0.25,240,43,92,0.467,15,36,0.417,19,23,0.826,6,36,42,33,7,3,15,21,120
FFS,22300021,"nov. 14, 2023",Foufous de Sochaux @ Thunder de Tours,L,3,8,0.273,240,36,93,0.387,9,30,0.3,6,9,0.667,13,30,43,24,7,6,24,13,87
FFS,22300184,"nov. 12, 2023",Foufous de Sochaux vs. Chaleur de Monaco,L,3,7,0.3,240,42,91,0.462,19,44,0.432,10,12,0.833,11,39,50,35,3,6,17,21,113
FFS,22300013,"nov. 10, 2023",Foufous de Sochaux vs. Loups de Limoges,L,3,6,0.333,240,43,92,0.467,12,34,0.353,12,19,0.632,7,31,38,29,9,8,14,21,110
FFS,22300161,"nov. 08, 2023",Foufous de Sochaux @ Knicks de Nancy,L,3,5,0.375,240,44,90,0.489,9,34,0.265,8,13,0.615,11,35,46,31,2,7,13,22,105
FFS,22300146,"nov. 06, 2023",Foufous de Sochaux @ Pacers de Dijon,L,3,4,0.429,240,40,94,0.426,8,26,0.308,23,30,0.767,12,24,36,26,7,5,11,15,111
FFS,22300141,"nov. 05, 2023",Foufous de Sochaux vs. Raptors de Rouen,L,3,3,0.5,265,48,96,0.5,10,32,0.313,10,13,0.769,9,37,46,30,7,7,17,21,116
FFS,22300131,"nov. 02, 2023",Foufous de Sochaux @ Soleils d'Avignon,W,3,2,0.6,240,51,98,0.52,18,37,0.486,12,13,0.923,9,32,41,37,7,5,8,21,132
FFS,22300113,"oct. 31, 2023",Foufous de Sochaux @ Soleils d'Avignon,W,2,2,0.5,240,43,92,0.467,14,37,0.378,15,20,0.75,8,29,37,25,10,9,12,17,115
FFS,22300099,"oct. 29, 2023",Foufous de Sochaux @ Clipper de Cannes,L,1,2,0.333,240,30,80,0.375,11,33,0.333,12,16,0.75,6,31,37,21,9,6,25,23,83
FFS,22300083,"oct. 27, 2023",Foufous de Sochaux vs. Fusées de Rennes,W,1,1,0.5,265,46,94,0.489,13,42,0.31,21,28,0.75,12,31,43,32,11,4,18,17,126
FFS,22300073,"oct. 25, 2023",Foufous de Sochaux vs. Étoiles de Marseille,L,0,1,0.0,240,46,89,0.517,11,35,0.314,16,22,0.727,9,36,45,33,8,5,19,23,119